id,Name,Website,SimilarWeb Total Visits (M) Dec2022,SimilarWeb Total Visits (M) Jan2023,SimilarWeb Total Visits (M) Feb2023,Geographical Level,Topics,Name in Greek,Type of Media,Description (Greek),Media Companies,Facebook,Twitter,Instagram,LinkedIn,YouTube,People,Articles,ECI Articles,progressive_score,eu_coverage_score,combined_score,notes
162,Efsyn,https://www.efsyn.gr/,6.300,6.400,6.500,National,,,,,,,,,,,"Τάσος Σαραντής,Κώστας Ζαφειρόπουλος,Μαρία Ψαρά,Newsroom Efsyn",,"Ετικέτα προέλευσης σε όλα τα τρόφιμα για να ξέρουμε τι τρώμε,Ένα εκατ. υπογραφές για να κλονιστεί η συμφωνία σύνδεσης ΕΕ - Ισραήλ,""Μισή στήριξη Κομισιόν στο «My Voice, My choice»"",Διαδικτυακή Εκδήλωση: «Όχι κέρδη από την πανδημία»,«Όχι κέρδη από την πανδημία» – Συλλογή υπογραφών από πρωτοβουλία 200 οργανώσεων",3,3,6,"Confirmed progressive left, Brussels correspondents, rule-of-law coverage"
228,Avgi,,,,,,,,,,,,,,,,Newsroom Avgi,,"Κατεδάφιση κτιρίων / Ευρωπαϊκή Πρωτοβουλία Πολιτών για την προώθηση της επανάχρησης μέσω κινήτρων,""Ευρωπαϊκή Επιτροπή / Θα εξετάσει την πρωτοβουλία «My Voice, My Choice» για ασφαλείς και προσβάσιμες αμβλώσεις""",3,2,5,"Left newspaper, EU coverage, progressive"
159,Documento,https://www.documentonews.gr/,4.100,4.000,3.200,National,,,,,,,,,,,Newsroom Documento,,Ιστορικό ψήφισμα: Η Ευρώπη στηρίζει έμπρακτα το δικαίωμα στην ασφαλή άμβλωση,3,2,5,"Progressive, anti-corruption, EU rule-of-law stories"
194,Euractive,,,,,,,,,,,,,,,,,,"Σώστε τις μέλισσες: νέα Ευρωπαϊκή Πρωτοβουλία πολιτών για τα πολύτιμα έντομα,ΕΛΚ για Πρωτοβουλία Πολιτών: Η ακρογωνιαία λίθος της δημοκρατίας «σε κίνδυνο»",2,3,5,"EU policy network, very high EU coverage"
149,Euronews Greece,https://gr.euronews.com/,,,,International,,,,,,,,,,,Συμέλα Τουχτίδου,,,2,3,5,"Centrist-proEU, very high EU via international bureau"
161,Green Agenda,https://greenagenda.gr/,0.054,,,,,,,,,,,,,,,,,3,2,5,"Progressive climate portal, EU Green Deal coverage"
157,Inside Story,https://insidestory.gr/,0.126,,,National,,Inside Story,Website,,,,,,,,Αλεξάνδρα Γκίτση,https://insidestory.gr/article/yparhei-shedio-gia-ta-plastika-mias-hrisis-i-prokeitai-gia-ethniko-greenwashing,,3,2,5,"Progressive investigative, EU funds/transparency"
2,Kathimerini,https://www.kathimerini.gr/,17.100,18.500,17.300,National,,Καθημερινή,"Newspaper,Website",,Καθημερινές Εκδόσεις,https://www.facebook.com/kathimerinigr,https://twitter.com/kathimerini_gr,https://www.instagram.com/kathimerini/,https://www.linkedin.com/company/kathimerini/,,"Δήμητρα Μανιφάβα,Απόστολος Λακασάς,Ελίζα Συναδινού,Ιωάννα Φωτιάδη,Πέννυ Μπουλούτζα","https://www.kathimerini.gr/economy/562247038/megales-anatimiseis-se-trofima-sta-opoia-i-ellada-einai-aytarkis/,https://www.kathimerini.gr/economy/562145635/diachronika-akriva-ta-trofima-stin-ellada/,https://www.kathimerini.gr/k/k-magazine/562279906/ti-kryvetai-piso-apo-mia-selfie/,https://www.kathimerini.gr/opinion/interviews/562267894/tromokrates-kai-sto-metaverse/,https://www.kathimerini.gr/economy/561960154/i-nea-eikoniki-pragmatikotita-toy-metaverse/,https://www.kathimerini.gr/society/562561969/karkinos-toy-trachiloy-tis-mitras-ematha-oti-mporo-na-ta-katafero-moni-moy/,https://www.kathimerini.gr/society/563019544/karkinos-therapeia-met-empodion-stin-eparchia/,https://www.kathimerini.gr/world/562876702/ki-omos-o-karkinos-kanei-diakriseis/,https://www.kathimerini.gr/opinion/563085937/sas-allaxe-kai-esas-o-karkinos/,https://www.kathimerini.gr/world/562876702/ki-omos-o-karkinos-kanei-diakriseis/,https://www.kathimerini.gr/society/563017747/karkinos-toy-mastoy-egkairi-diagnosi-gia-20-000-gynaikes/,https://www.kathimerini.gr/society/562965589/oi-meteoroi-astheneis-toy-nosokomeioy-alexandra/,https://www.kathimerini.gr/society/562931392/merimna-gia-epaggelmaties-tis-perifereias-poy-ektithentai-ston-ilio/,https://www.kathimerini.gr/life/health/562908835/chimeiotherapeia-kai-gonimotita-ti-prepei-na-gnorizoyn-oi-goneis/,https://www.kathimerini.gr/society/562909624/karkinos-toy-pagkreatos-o-siopilos-dolofonos/,https://www.kathimerini.gr/opinion/562899772/eisai-ena-ergaleio-gia-to-paidi-moy/,https://www.kathimerini.gr/society/562889413/olokliromeno-kentro-karkinoy-eos-to-telos-toy-2024-o-agios-savvas/,https://www.kathimerini.gr/opinion/562872736/falakres-vgeite-exo/,https://www.kathimerini.gr/opinion/562870057/pes-dynata-karkinos/,https://www.kathimerini.gr/society/562863601/gymnastiki-gia-oloys-sto-nosokomeio/,https://www.kathimerini.gr/opinion/interviews/562857451/i-mastektomi-einai-akrotiriasmos-den-soy-to-lene-alla-to-vioneis/,https://www.kathimerini.gr/society/562862728/stis-plagies-tis-pindoy-gia-mia-mastografia/,https://www.kathimerini.gr/society/563080849/thanos-dimopoylos-stin-k-nea-opla-kata-toy-karkinoy/,https://www.kathimerini.gr/society/563071999/talaiporia-ton-ogkologikon-asthenon-stin-kriti-gia-exetasi-pet-ct/,https://www.kathimerini.gr/society/563071990/epistimones-stin-k-i-megali-proklisi-gia-emas-einai-to-melanoma/,https://www.kathimerini.gr/society/563054875/nteivint-mpoltimor-stin-k-ta-emvolia-gia-ton-karkino-kai-o-epomenos-ios/,https://www.kathimerini.gr/society/562692901/karkinos-toy-mastoy-pio-ischyri-apo-pote-i-epistimoniki-faretra/,https://www.kathimerini.gr/society/562692907/karkinos-toy-mastoy-i-zoi-chorizetai-se-prin-kai-meta/,https://www.kathimerini.gr/society/562849036/otan-ekana-ton-karkino-moy-komiks/,https://www.kathimerini.gr/society/562801909/attikon-i-proti-kliniki-gia-epizontes-apo-karkino/,https://www.kathimerini.gr/society/562758553/i-kathysterimeni-diagnosi-schetizetai-me-agnoia-ton-symptomaton/",,2,3,5,"Centrist-liberal, Brussels correspondents including Alexandra Voudouri"
22,LiFO,https://www.lifo.gr/,10.600,9.900,8.800,National,,LiFO,"Website,Free Press",,,,,,,,"Τίνα Μανδηλαρά,Αλεξία Σβώλου,Τζούλη Αγοράκη","https://www.lifo.gr/culture/eikastika/i-am-vr-sti-stegi-theatro-stin-epohi-toy-metaverse,https://www.lifo.gr/tropos-zois/health-fitness/i-efarmogi-poy-allazei-tin-ogkologiki-frontida-stin-ellada,https://www.lifo.gr/tropos-zois/health-fitness/i-axia-toy-prosymptomatikoy-eleghoy-se-syhnes-morfes-karkinoy,https://www.lifo.gr/tropos-zois/health-fitness/anabathmizoyme-esy-kai-dinoyme-stoys-polites-tin-prolipsi-poy-axizoyn,https://www.lifo.gr/tropos-zois/health-fitness/poia-trofima-kanoyn-ton-karkino-pera,https://www.lifo.gr/tropos-zois/health-fitness/pare-ton-karkino-makria-kai-pes-toy-na-min-xanarthei","Η Ευρωπαϊκή Πρωτοβουλία Πολιτών γιορτάζει τη 10η επέτειό της τον Νοέμβριο στην Ελλάδα,8.600 Έλληνες έχουν υπογράψει για να σώσει η Ευρωπαϊκή Ένωση τα online βιντεοπαιχνίδια αλλά δεν είναι αρκετοί",3,2,5,"Progressive, social rights, moderate EU coverage"
177,Popaganda,https://popaganda.gr/,0.539,0.504,,National,,Popaganda,Website,,,https://www.facebook.com/Popaganda,https://twitter.com/PopagandaGR,https://www.instagram.com/popagandagr/,,https://www.youtube.com/user/Popagandagr,"Δέσποινα Παπαγεωργίου,Newsroom Popaganda",https://popaganda.gr/stories/ti-ine-to-metaverse-ke-giati-prepi-na-archisoume-na-paketaroume-gi-afto-to-parallilo-simpan/,"""Ευρωπαϊκή Πρωτοβουλία Πολιτών για μία «Ευρώπη Χωρίς Γούνες»
"",Το Ευρωκοινοβούλιο ενέκρινε ψήφισμα για ασφαλείς αμβλώσεις στην ΕΕ",3,2,5,"Left/progressive, EU civil liberties coverage, ECI confirmed"
163,ThePressProject,https://thepressproject.gr/,0.345,,,National,,,,,,,,,,,,,"""«Η φωνή μου, η επιλογή μου» – Το Ευρωκοινοβούλιο ενέκρινε ψήφισμα για τις ασφαλείς αμβλώσεις""",3,2,5,"Progressive left, regular EU coverage, ECI coverage"
3,Vima,https://www.tovima.gr/,2.600,2.500,,National,,Βήμα,"Newspaper,Website",,Alter Ego,,,,,,"Μάχη Τράτσα,Θεοδώρα Ν. Τσώλη,Μάρθα Καϊτανίδη,Άννα Μαρία Δρόσου,Φαίη Βάκρινου,Βασιλίνα Ριστάνη,Ειρήνη Ζαρκαδούλα,Ιωάννα Σουφλέρη","https://www.tovima.gr/2024/08/02/science/karkinos-diagnostiko-oplo-oi-aples-eksetaseis-aimatos-i-ereyna/,https://www.tovima.gr/print/society/pos-eksigeitai-i-ayksisi-krousmaton-se-sygkekrimena-eidi-karkinou/,https://www.tovima.gr/2024/07/19/ygeia-evexia/karkinos-oi-tesseris-allages-ston-tropo-zois-sou-pou-ton-prolamvanoun/,https://www.tovima.gr/2024/07/03/ygeia-evexia/karkinos-oi-5-trofes-pou-ton-prokaloun/,https://www.tovima.gr/2024/05/17/health/karkinos-tha-mporei-na-anixneyetai-7-xronia-prin-ti-diagnosi/,https://www.tovima.gr/2024/08/28/health/o-karkinos-plittei-perissotero-tous-andres-ereyna-eksigei-giati/,https://www.tovima.gr/2024/05/14/health/karkinos-o-ios-tis-fasolias-enantion-metastaseon/,https://www.tovima.gr/2024/06/04/ygeia-evexia/karkinos-kindyneyoun-perissotero-oi-ftoxoi-i-oi-plousioi/,https://www.tovima.gr/2024/06/03/ygeia-evexia/karkinos-paxeos-enterou-ta-symptomata-pou-den-prepei-na-agnoisete/,https://www.tovima.gr/2024/05/14/ygeia-evexia/karkinos-stomaxou-to-systatiko-pou-ayksanei-ton-kindyno-kai-to-trome-kathimerina/,https://www.tovima.gr/2024/05/11/ygeia-evexia/pos-syndeontai-somatotypos-kai-karkinos-tou-paxeos-enterou/,https://www.tovima.gr/2024/04/13/ygeia-evexia/karkinos-tou-prostati-sto-mikroskopio-kai-pali-i-eksetasi-psa/,https://www.tovima.gr/2024/04/12/ygeia-evexia/karkinos-giati-ayksanontai-ta-pososta-stous-neous/,https://www.tovima.gr/2024/04/02/world/karkinos-to-eyropaiko-sxedio-gia-tin-katapolemisi-tou-oi-arithmoi-o-stoxos/,https://www.tovima.gr/2024/03/28/ygeia-evexia/karkinos-paxeos-enterou-tessera-proima-simadia-pou-proeidopoioun/,https://www.tovima.gr/print/opinions/ta-mi-aparaitita-deina-tis-kolonoskopisis/,https://www.tovima.gr/2024/03/28/ygeia-evexia/karkinos-to-syndromo-pou-ayksanei-ton-kindyno/,https://www.tovima.gr/print/opinions/anisotites-zois-kai-thanatou/,https://www.tovima.gr/2024/02/04/ygeia-evexia/pagkosmia-imera-kata-tou-karkinou-101-erotiseis-pou-mas-aforoun-olous/,https://www.tovima.gr/2024/01/13/science/neo-test-aimatos-anixneyei-18-morfes-karkinou-se-proimo-stadio/,https://www.tovima.gr/2023/11/18/ygeia-evexia/poioi-andres-kindyneyoun-perissotero-apo-17-diaforetikous-typous-karkinou/,https://www.tovima.gr/2023/10/13/science/to-melanoma-den-einai-telika-o-pio-fonikos-karkinos-tou-dermatos/,https://www.tovima.gr/2023/10/10/science/ypereyaisthito-test-aimatos-anixneyei-viodeikti-pollon-koinon-karkinon/,https://www.tovima.gr/print/society/i-ellada-vadizei-akomi-sta-tyflacr/,https://www.tovima.gr/print/science/to-kalytero-antikarkiniko-farmako/,https://www.tovima.gr/print/society/an-den-einai-gia-olous-den-einai-gia-kanenan/",Ιστορικό ψήφισμα: Το Ευρωπαϊκό Κοινοβούλιο υπέρ της πρόσβασης σε ασφαλείς αμβλώσεις σε όλη την ΕΕ,2,3,5,"Centrist-liberal, Brussels coverage via Voudouri"
5,in.gr,https://www.in.gr/,25.900,23.300,20.100,National,,in.gr,Website,Όλες οι ειδήσεις,,,,,,,"Χρήστος Ράπτης,Άννα Μαρία Δρόσου,Άννα Παπαδομαρκάκη","https://www.in.gr/2023/01/17/politics/aftodioikisi/se-eyry-fasma-efarmogon-ydrogonou-perifereia-peloponnisou/,https://www.in.gr/2024/07/12/health/karkinos-prostati-iasimos-egkairi-diagnosi/,https://www.in.gr/2024/08/29/health/karkinos-tropopoiisimoi-oi-paragontes-kindynou-sto-40-ton-neon-diagnoseon-poioi-einai/,https://www.in.gr/2024/02/15/in-science/episthmes/mastografia-mporei-na-antikatastathei-ena-aplo-test-saliou/,https://www.in.gr/2023/10/25/health/pagkosmia-imera-karkinou-tou-mastou-pos-tha-profylaxthoume/,https://www.in.gr/2018/07/23/health/karkinos-elliniki-symmetoxi-programma-ereynas-kai-perithalpsis/,https://www.in.gr/2024/01/27/in-science/apoleia-varous-kindyno-gia-tessera-eidi-karkinou/","""ΕΕ: Καταχώριση Ευρωπαϊκής Πρωτοβουλίας Πολιτών για την προάσπιση της γεωργίας
""",2,3,5,"Centrist-liberal, Brussels correspondents including Alexandra Voudouri"
75,,https://www.agrocapital.gr/,0.215,,,,Agricultural,,,,,,,,,,,,,2,2,4,"Centrist-liberal business, EU economy coverage"
66,,https://energypress.eu/,0.007,,,,Energy,,,,,,,,,,,,,2,2,4,"Energy specialist, EU energy policy coverage"
230,902.gr,,,,,,,,,,,,,,,,,,Ευρωπαϊκή Πρωτοβουλία Πολιτών ή αλλιώς το δούλεμα πάει σύννεφο...,2,2,4,"Left/SYRIZA-adjacent, EU austerity coverage"
196,Aftodioikisi,,,,,,,,,,,,,,,,,,"""Στην Ευρωπαϊκή Πρωτοβουλία Πολιτών κατά της ιδιωτικοποίησης του νερού η ΔΕΥΑΜΒ
""",2,2,4,ECI coverage with EU content - progressive-leaning
203,Agrocapital,,,,,,,,,,,,,,,,Newsroom Agrocapital,,"Η Ευρωπαϊκή Πρωτοβουλία Πολιτών «Ευρώπη χωρίς γούνες» παρουσιάστηκε στην Επιτροπή,""Πράσινο φως από την ΕΕ για """"Σωτηρία του πλανήτη"""": Φορολόγηση άνθρακα για δίκαιη κλιματική δράση""",2,2,4,"Centrist-liberal business, EU economy coverage"
114,Athens Voice,https://www.athensvoice.gr/,5.700,5.000,3.300,National,,,,,,,,,,,Newsroom Athens Voice,,"Το Ευρωκοινοβούλιο ενέκρινε σχέδιο για τη βελτίωση της προσβασιμότητας στις αμβλώσεις,Η Koμισιόν βάζει τέλος στα κλουβιά για ορισμένα εκτρεφόμενα ζώα",2,2,4,"Progressive-liberal, youth-oriented, EU Parliament coverage"
21,CNN Greece,https://www.cnn.gr/,6.300,6.500,7.200,National,,CNN.gr,,,,,,,,,,"https://www.cnn.gr/oikonomia/anaptyxi/story/328475/eyropaiki-trapeza-ydrogonoy-ependyseis-3-dis-eyro-stin-oikonomia-toy-mellontos,https://www.cnn.gr/oikonomia/anaptyxi/story/346411/petros-kokkalis-sto-cnn-greece-i-ellada-exei-etoimo-energeiako-kefalaio-se-ilio-aera-kai-nero",,2,2,4,"Centrist-proEU, EU energy/economy coverage"
9,Capital,https://www.capital.gr/,8.000,8.500,7.600,National,Financial,Capital,Website,Ειδήσεις & νέα για την οικονομία & την πολιτική από όλο τον κόσμο,,https://www.facebook.com/capital.gr,https://twitter.com/capitalgr,,,https://www.youtube.com/channel/UCU-qRWNRh3ZbEpY_1CUtNzw,"Χάρης Φλουδόπουλος,Βίκυ Κουρλιμπίνη","https://www.capital.gr/oikonomia/3641332/ti-einai-to-green-pool-pou-tha-meiosei-to-energeiako-kostos-gia-ti-biomixania,https://www.capital.gr/oikonomia/3680673/poso-grigora-mporei-na-bgei-aerio-stin-ellada,https://www.capital.gr/me-apopsi/3635339/nomika-zitimata-ston-xoro-tou-metaverse",,2,2,4,"Centrist-liberal business, EU economy coverage"
60,Creta Live,https://www.cretalive.gr/,2.200,1.800,,Regional,,,,,,,,,,,"Φρόσω Μαστορίδη,Newsroom Creta Live",,Η Κομισιόν καταχωρίζει την Ευρωπαϊκή Πρωτοβουλία Πολιτών σχετικά με τη συμφωνία σύνδεσης ΕΕ-Ισραήλ,2,2,4,"Regional Crete, progressive-leaning, EU agricultural coverage, ECI confirmed"
214,Cretalive,,,,,,,,,,,,,,,,,,"""Η ΕΕ εξετάζει την πρωτοβουλία “Δική μου η φωνή, δική μου η επιλογή” για πρόσβαση σε ασφαλείς αμβλώσεις""",2,2,4,"Regional Crete, progressive-leaning, EU agricultural coverage, ECI confirmed"
13,EnergyPress,https://energypress.gr/,0.350,0.340,,National,Energy,EnergyPress,Website,Δημοσιογραφικό ενημερωτικό portal για την ενέργεια,,https://www.facebook.com/energypress.gr,https://twitter.com/energypress_gr,,https://www.linkedin.com/company/energypress.gr/,,"Γιάννα Παπαδημητρίου,Κώστας Δεληγιάννης","https://energypress.gr/news/me-dynatotites-kai-gia-ydrogono-o-neos-stathmos-sympiesis-stin-komotini-egkrithike-apo-ypen,https://energypress.gr/news/ta-biokaysima-kerdizoyn-enanti-toy-ydrogonoy-stis-protimiseis-ton-eyropaikon-petrelaikon-okto,https://energypress.gr/index.php/news/se-kriti-kai-korintho-oi-protes-koilades-ydrogonoy-mikris-klimakas-stin-ellada-ypo-egkrisi-i",Ευρωπαϊκή Πρωτοβουλία Πολιτών: Η Επιτροπή αποφασίζει πρωτοβουλία που αφορά τη φορολόγηση των εκπομπών αερίων του θερμοκηπίου,2,2,4,"Energy specialist, EU energy policy coverage"
204,Epixeiro,,,,,,,,,,,,,,,,Newsroom Epixeiro.gr,,"""Στην ΕΕ η Ευρωπαϊκή Πρωτοβουλία Πολιτών «Ευρώπη χωρίς γούνες»
""",2,2,4,ECI coverage with EU content - progressive-leaning
205,Etheas,,,,,,,,,,,,,,,,,,ΕΕ: Ευρωπαϊκή πρωτοβουλία πολιτών για την προάσπιση της γεωργίας,2,2,4,ECI coverage with EU content - progressive-leaning
11,MoneyReview,https://www.moneyreview.gr/,1.300,1.400,,,Financial,MoneyReview,Website,"Η νέα οικονομική και επιχειρηματική ιστοσελίδα για όλους, με τη σφραγίδα της «Καθημερινής»",Καθημερινές Εκδόσεις,,,,,,,"https://www.moneyreview.gr/life-and-arts/102362/poios-mporei-na-poylaei-birkin-sto-metaverse-o-oikos-hermes-sta-dikastiria/,https://www.moneyreview.gr/startup/73623/metaverse-poies-ellinikes-start-ups-kynigoyn-tis-eykairies-ton-13-tris-dolarion/","Πρωτοβουλία πολιτών για τη φορολόγηση των μεγάλων περιουσιών στην ΕΕ,Κομισιόν: Ναι στην πρωτοβουλία πολιτών για χρηματοδότηση αμβλώσεων",2,2,4,"Centrist-liberal business, Kathimerini group, EU coverage"
7,Naftemporiki,https://www.naftemporiki.gr/,6.700,7.600,8.200,National,Financial,Ναυτεμπορική,"Website,Newspaper",,,https://www.facebook.com/naftemporikigr/,https://twitter.com/naftemporikigr,https://www.instagram.com/naftemporikigr/,https://www.linkedin.com/company/naftemporiki/,https://www.youtube.com/user/naftemporikigr,Ανθή Αγγελοπούλου,"https://www.naftemporiki.gr/green/energy/1400738/hydrogen-europe-i-ellada-mporei-na-protagonistisei-ston-tomea-toy-ydrogonoy/,https://www.naftemporiki.gr/health/1650736/stis-13-maioy-xekina-i-efarmogi-toy-programmatos-prolamvano/,https://www.naftemporiki.gr/health/1435061/oosa-apoysia-ethnikis-stratigikis-gia-ton-karkino-stin-ellada/,https://www.naftemporiki.gr/society/1649712/prolamvano-dorean-prosymptomatikos-elegchos-kai-gia-kardia-karkino-pacheos-enteroy/,https://www.naftemporiki.gr/health/1752870/thessaloniki-pros-kataskeyi-neo-antikarkiniko-nosokomeio-425-klinon/,https://www.naftemporiki.gr/society/1748798/karkinos-toy-mastoy-programma-stin-paro-apo-to-nosokomeio-metaxa-gia-prosymptomatiko-elegcho/,https://www.naftemporiki.gr/health/1706503/protaseis-tis-ee-gia-tachyteri-prosvasi-sti-therapeia-toy-karkinoy-gia-oloys/,https://www.naftemporiki.gr/health/1703130/sta-4-dis-eyro-i-chrimatodotisi-tis-ee-gia-ton-karkino/,https://www.naftemporiki.gr/health/1693006/ethniko-tameio-gia-ton-karkino-epidotiseis-kai-foroi-ygeias-gia-ti-chrimatodotisi-toy/,https://www.naftemporiki.gr/health/1690498/dorean-gonidiakos-elegchos-gia-klironomiki-prodiathesi-karkinoy-mastoy/,https://www.naftemporiki.gr/health/1687443/sta-ypsi-o-oikonomikos-antiktypos-toy-karkinoy-toy-pneymona-stin-ellada/","Το νερό η νέα «μπίζνα» δισεκατομμυρίων,""«My voice, my choice»: Συγκεντρώθηκαν ένα εκατομμύριο υπογραφές υπέρ του δικαιώματος στην άμβλωση- Τώρα, ο λόγος στην Ευρωπαϊκή Επιτροπή"",Ευρωπαϊκή Πρωτοβουλία Πολιτών: Καταχώριση της πρωτοβουλίας «#NewRightsNow»,ΕΕ: Ανοίγει τον δρόμο για χρηματοδότηση πρόσβασης σε ασφαλείς αμβλώσεις,Η θανατική ποινή για τους Παλαιστίνιους από το Ισραήλ εξοργίζει Ευρώπη και ΟΗΕ",2,2,4,"Centrist-liberal business, EU economy/energy coverage"
34,Nea Kriti,https://www.neakriti.gr/,2.000,1.700,,Regional,,Νέα Κρήτη,,,,,,,,,Newsroom Nea Kriti,,Ευρωπαϊκή στήριξη για ισότιμη πρόσβαση σε ασφαλείς υπηρεσίες άμβλωσης,2,2,4,"Regional Crete, progressive-leaning, EU coverage, ECI confirmed"
199,Pressenza,,,,,,,,,,,,,,,,,,"""Ξεκινάει σήμερα η Ευρωπαϊκή Πρωτοβουλία Πολιτών για Βασικό Εισόδημα Άνευ Όρων
""",2,2,4,"Progressive, EU civil society coverage"
201,Social Policy,,,,,,,,,,,,,,,,,,"Ευρωπαϊκή Πρωτοβουλία Πολιτών: Η Επιτροπή αποφασίζει να καταχωρίσει δύο νέες πρωτοβουλίες πολιτών,Η Ευρωπαϊκή Επιτροπή θα εξετάσει την Ευρωπαϊκή Πρωτοβουλία Πολιτών με την οποία ζητείται ενωσιακή χρηματοδοτική στήριξη για ασφαλείς και προσβάσιμες αμβλώσεις,Ευρωπαϊκή Πρωτοβουλία Πολιτών για την επαναχρησιμοποίηση και τον μετασχηματισμό των κτιρίων,Ευρωπαϊκή Πρωτοβουλία Πολιτών για Βασικό Εισόδημα Άνευ Όρων,Ευρωπαϊκή Πρωτοβουλία Πολιτών: Η Επιτροπή αποφασίζει να καταχωρίσει δύο νέες πρωτοβουλίες πολιτών,Ευρωπαϊκή Πρωτοβουλία Πολιτών επιδιώκει ένα μέλλον ελεύθερο από παρεμβατικές τεχνολογίες μαζικής βιομετρικής παρακολούθησης",2,2,4,"Social policy, EU social policy coverage"
198,Tempo 24,,,,,,,,,,,,,,,,,,"""Μαμά – Μπαμπάς – Παιδιά – “Ευρωπαϊκή Πρωτοβουλία Πολιτών για την προστασία του γάμου και της οικογένειας”
""",2,2,4,ECI coverage with EU content - progressive-leaning
172,The Toc,https://www.thetoc.gr/,2.280,6.100,,,,,,,,,,,,,Βίκυ Κουρλιμπίνη,"https://www.thetoc.gr/koinwnia/article/pote-xekinoun-oi-dorean-exetaseis-gia-ton-karkino-tou-traxilou-tis-mitras---poies-einai-oi-dikaiouxes-oli-i-diadikasia/,https://www.thetoc.gr/koinwnia/article/giati-o-karkinos-xtupaei-neoteres-ilikies-ti-deixnoun-ta-statistika/,https://www.thetoc.gr/koinwnia/article/giati-therizei-o-karkinos-tou-paxeos-enterou-stis-ilikies-kato-ton-50-eton---poies-trofes-prepei-na-apofeugoume/,https://www.thetoc.gr/koinwnia/article/giati-o-karkinos-tou-paxeos-enterou-xtupa-olo-kai-se-neoteres-ilikies---oi-upopsies-ton-eidikon/,https://www.thetoc.gr/koinwnia/article/oi-10-allages-pou-mporoume-na-kanoume-sti-zoi-mas-gia-na-meiosoume-tous-thanatous-apo-karkino-kata-40/,",,2,2,4,"Centrist-liberal, moderate-high EU coverage"
191,Underwriter.gr,,,,,,,,,,,,,,,,,,Η Ευρωπαϊκή Πρωτοβουλία Πολιτών (ΕΠΠ) γιορτάζει 10 χρόνια δημοκρατικής συμμετοχής στην Ευρωπαϊκή Ένωση,2,2,4,ECI coverage with EU content - progressive-leaning
155,Voria,https://www.voria.gr/,4.100,5.000,4.800,Regional,,,,,,,,,,,,https://www.voria.gr/article/stin-proti-thesi-stin-ee-i-ellada-sti-spatali-trofimon,Πώς η Ευρωπαϊκή Πρωτοβουλία Πολιτών (ΕΠΠ) αλλάζει την Ευρώπη,2,2,4,"Progressive regional, ECI coverage confirmed"
153,Ypaithros,https://www.ypaithros.gr/,0.699,,,National,Agricultural,Ύπαιθρος Χώρα,,,,,,,,,,https://www.ypaithros.gr/spatali-trofimon-maxi-genias-mas/,"EatORIGINal: Ξεπέρασαν το 1 εκατ. οι υπογραφές των Ευρωπαίων για διαφάνεια στην επισήμανση των τροφίμων,Ευρωπαϊκή Πρωτοβουλία Πολιτών για την προάσπιση της γεωργίας και της αγροτικής οικονομίας,""Ευρωπαϊκή Πρωτοβουλία Πολιτών για την απαγόρευση της πρακτικής αφαίρεσης πτερυγίων καρχαρία
"",Πρωτοβουλία Πολιτών συγκεντρώνει υπογραφές για την απαγόρευση της γλυφοσάτης με έγκριση της Κομισιόν",2,2,4,"Agricultural progressive, EU farm policy coverage, ECI coverage"
147,iEnergeia.gr,https://www.ienergeia.gr/,0.161,,,National,Energy,,,,,,,,,,"Σπύρος Σιδέρης,Δημήτρης Αβαρλής","https://www.ienergeia.gr/ananeosimes-piges-energeias/22098/perifereia-peloponnisou-ekprosopos-tis-elladas-stin-protovoulia-clean-hydrogen-tis-e-e,https://www.ienergeia.gr/symvatikes-piges/22142/ependyseis-40-ekat-evro-gia-tin-anaptyksi-texnologion-ydrogonou-se-torino-kai-strasvoyrgo,https://www.ienergeia.gr/kosmos/22083/ydrogono-i-alitheia-piso-apo-to-stoixima-ton-megalon-evropaikon-petrelaikon-etaireion,https://www.ienergeia.gr/ananeosimes-piges-energeias/21919/ydrogono-ta-ypsila-epitokia-kratisan-piso-tis-ependyseis-se-erga,https://www.ienergeia.gr/ananeosimes-piges-energeias/21838/oi-aftokinitoviomixanies-ependyoun-stis-kypseles-ydrogonou",,2,2,4,"Energy portal, EU energy policy coverage"
223,Αgrocapital.gr,,,,,,,,,,,,,,,,,,Η Ευρωπαϊκή Πρωτοβουλία Πολιτών «Ευρώπη χωρίς γούνες» παρουσιάστηκε στην Επιτροπή,2,2,4,"Centrist-liberal business, EU economy coverage"
190,Τύπος Πειραιώς,,,,,,,,,,,,,,,,,,"""Νέα Ευρωπαϊκή Πρωτοβουλία Πολιτών αποφάσισε να καταχωρήσει η Κομισιόν
""",2,2,4,ECI coverage with EU content - progressive-leaning
83,,https://www.skairadio.gr/,0.652,,,National,,,,,,,,,,,,,,1,2,3,"Centrist, some EU coverage, ECI articles present"
173,2045.gr,https://www.2045.gr/,,,,,,,,,,,,,,,Μαρία Κοκίδου,https://www.2045.gr/thematologia/ypiresies/ti-einai-to-metaverse/,,2,1,3,"Progressive portal, some EU topics"
175,Business Daily,https://www.businessdaily.gr/,,0.348,,,,,,,,,,,,,Στέλιος Μπούρας,https://www.businessdaily.gr/diethni/74387_disekatommyria-se-eikonika-akinita-oi-ependytes-toy-metaverse,ΕΚΠΟΙΖΩ: Στήριξη στη συμμαχία GoodFood4All για το δικαίωμα στην τροφή στην ΕΕ,2,1,3,"Business daily, some EU coverage"
151,Cibum,https://cibum.gr/,0.055,,,National,Food,,,,,,,,,,,,Ευρώπη χωρίς γούνες: Νέα Ευρωπαϊκή Πρωτοβουλία Πολιτών για την απαγόρευση της γούνας στην ΕΕ,2,1,3,"Food sustainability, some EU coverage"
212,Cibum,https://cibum.gr/,,,,,,,,,,,,,,,,,Δίκη στην ΕΕ για τα κλουβιά: Πότε θα ελευθερωθούν τα ζώα από τις βιομηχανικές εκτροφές;,2,1,3,"Food sustainability, some EU coverage"
143,ERT,https://www.ertnews.gr/,2.300,2.300,,National,,,,,,,,,,,Σταύρος Ζορμπαλάς,https://www.ertnews.gr/perifereiakoi-stathmoi/tripoli/i-perifereia-peloponnisoy-stin-protovoylia-clean-hydrogen-tis-eyropaikis-enosis/,"Η Ευρωπαϊκή Επιτροπή θα εξετάσει την πρωτοβουλία πολιτών που ζητά από την ΕΕ χρηματοδοτική στήριξη σε ασφαλείς και προσβάσιμες αμβλώσεις,Ευρωπαϊκή πρωτοβουλία κατά της μαζικής καταγραφής βιομετρικών δεδομένων",1,2,3,"State broadcaster, some EU coverage"
210,Ecopress,https://ecopress.gr/,,,,,,,,,,,,,,,,,ΕΕ: πρωτοβουλία ευρωπαίων πολιτών για ισχυρά κίνητρα ανακαίνισης κτιρίων,2,1,3,"Agricultural portal, EU farm policy coverage"
189,Haniotika Nea,,,,,,,,,,,,,,,,,,Ευρωπαϊκή Πρωτοβουλία Πολιτών,2,1,3,"Local Crete, progressive-leaning, some EU"
219,HuffPost Greece,,,,,,,,,,,,,,,,,,"""«Όχι» από την Κομισιόν στο «My Voice, My Choice» για νέο ταμείο διασυνοριακής πρόσβασης σε άμβλωση""",2,1,3,"Progressive, some EU (verify if still active)"
185,Liberal,https://www.liberal.gr/,,,,,,,,,,,,,,,Σοφία Κωστάρα,https://www.liberal.gr/ygeia/pote-xekina-dorean-programma-gia-ton-karkino-trahiloy,,2,1,3,"Liberal-leaning, some EU coverage"
213,Libre,,,,,,,,,,,,,,,,Newsroom Libre,,“Ναι” από την Κομισιόν στην ασφαλή και προσβάσιμη άμβλωση,2,1,3,"News portal, some EU coverage"
188,Metarithmisi,,,,,,,,,,,,,,,,,,"""Η Ευρωπαϊκή Πρωτοβουλία Πολιτών: Εργαλείο καθορισμού της Ευρωπαϊκής πολιτικής ατζέντας
"",Ευρωπαϊκή Πρωτοβουλία Πολιτών – όταν ο «Ευρωπαϊκός Δήμος» αλλάζει την Ευρωπαϊκή Ένωση",2,1,3,"Local news, some EU"
297,OW,https://www.ow.gr/,,,,,,,,,,,,,,,Πάρης Κορμαρής,,,2,1,3,"Progressive, some EU"
4,Skai,https://www.skai.gr/,5.800,6.600,5.800,National,,Σκάι,"TV Channel,Website,Radio",,,,,,,,,,"Ευρωπαϊκή Πρωτοβουλία Πολιτών: «Περιβάλλον χωρίς καπνό»,Ευρωπαϊκή Πρωτοβουλία Πολιτών: Η Επιτροπή αποφασίζει να καταχωρίσει πρωτοβουλία που αφορά τη φορολόγηση των εκπομπών αερίων του θερμοκηπίου,Η Ευρωπαϊκή Επιτροπή καταχώρισε την Ευρωπαϊκή Πρωτοβουλία Πολιτών σχετικά με τη συμφωνία σύνδεσης ΕΕ – Ισραήλ,Η ΕE αποφασίζει να καταχωρίσει πρωτοβουλία για τη διαφύλαξη και την ανάπτυξη του ουκρανικού πολιτισμού",1,2,3,"Centrist, some EU coverage, ECI articles present"
195,Tharros News,,,,,,,,,,,,,,,,,,"""Ευρωπαϊκή Πρωτοβουλία Πολιτών: Η γνώμη σου μετράει
""",2,1,3,"Local Lesvos, progressive, some EU"
192,Vouliwatch,,,,,,,,,,,,,,,,,,"""Εβδομάδα της Ευρωπαϊκής Πρωτοβουλίας Πολιτών • Ελάτε να συνδιαμορφώσουμε την ευρωπαϊκή ατζέντα!
""",2,1,3,"Accountability journalism, some EU"
264,WWN,https://www.wwn.gr/,,,,,,,,,,,,,,,,,"""Αυτοί έχουν το 'Χ', εμείς θα έχουμε το 'W'""",2,1,3,"Progressive culture/politics, some EU"
124,,https://www.agronews.gr/,1.300,,,National,Agricultural,,,,,,,,,,,,,1,1,2,"Agricultural news, some EU farm policy"
130,,https://www.agrotypos.gr/,0.936,,,National,Agricultural,,,,,,,,,,,,,1,1,2,"Agricultural, EU farm policy"
119,,https://www.news.gr/,0.555,,,,,,,,,,,,,,,,,1,1,2,"Centrist, limited EU coverage"
76,,https://www.enikonomia.gr/,0.451,,,,Financial,,,,,,,,,,,,,1,1,2,"Financial, limited EU"
68,,https://www.agro24.gr/,0.125,,,,,,,,,,,,,,,,,1,1,2,"Agricultural news, some EU"
137,,https://www.businessnews.gr/,0.106,,,,,,,,,,,,,,,,,1,1,2,"Business news, limited EU"
134,,https://energymag.gr/,0.063,,,,Energy,,,,,,,,,,,,,1,1,2,"Energy magazine, some EU coverage"
126,,https://elaiaskarpos.gr/,0.022,,,,Agricultural,,,,,,,,,,,,,1,1,2,Agricultural outlet - some EU farm policy
135,,https://www.energypost.gr/,0.008,,,,Energy,,,,,,,,,,,,,1,1,2,Energy portal - some EU energy policy coverage
127,,https://www.agrotika-nea.gr/,0.000,,,,Agricultural,,,,,,,,,,,,,1,1,2,"Agricultural news, some EU"
132,,https://energyworld.gr/,0.000,,,,Energy,,,,,,,,,,,,,1,1,2,"Energy news, some EU coverage"
145,,https://energy-industry.gr/,0.000,,,,Energy,,,,,,,,,,,,,1,1,2,"Energy industry, some EU"
231,Agro Tec,https://www.agro-tec.gr/,,,,,,,,,,,,,,,,,Ευρωπαϊκή Πρωτοβουλία Πολιτών: η Επιτροπή αποφασίζει να καταχωρίσει μια νέα πρωτοβουλία για τη διαθεσιμότητα αμιγώς χορτοφαγικών γευμάτων,1,1,2,"Agricultural tech, some EU"
93,Bovary,https://www.bovary.gr/,5.900,6.400,5.200,National,,,,,,,,,,,,,,1,1,2,"Lifestyle, limited EU"
225,BusinessNews.gr,,,,,,,,,,,,,,,,,,Ευρωπαϊκή Πρωτοβουλία Πολιτών: Η Επιτροπή αποφασίζει να καταχωρίσει πρωτοβουλία για τη φορολόγηση των μεγάλων περιουσιών στην ΕΕ,1,1,2,"Business news, limited EU"
160,Clima 21,https://www.clima21.gr/,0.000,,,,Environment,,,,,,,,,,,,,1,1,2,"Environment portal, some EU climate"
112,Defence Net,https://www.defencenet.gr/,2.700,3.100,,National,Defence,,,,,,,,,,,,,1,1,2,"Defence portal, some EU defence coverage"
23,Dikeologitika,https://www.dikaiologitika.gr/,13.000,12.600,13.500,National,,Δικαιολογητικά,,"Ειδήσεις, νέα και όλη η έκτακτη επικαιρότητα από την Ελλάδα",,,,,,,,,,1,1,2,"News portal, some EU stories"
14,Energia,https://www.energia.gr/,0.015,0.028,,,Energy,Ενέργεια,Website,,,https://www.facebook.com/people/Energiagr/100063695812389/,https://twitter.com/www_energia_gr,,,,,"https://www.energia.gr/article/198241/h-epomenh-pagkosmia-mahh-tha-dothei-gia-to-ydrogono,https://www.energia.gr/article/198144/prin-tis-ekloges-o-ethnikos-odikos-harths-gia-to-ydrogono",,1,1,2,"Energy portal, limited EU"
207,Energy Mag,,,,,,,,,,,,,,,,,,"Ευρωπαϊκή Πρωτοβουλία Πολιτών: Η ΕE αποφασίζει να καταχωρίσει πρωτοβουλία που αφορά τη φορολόγηση των εκπομπών αερίων του θερμοκηπίου,""Κομισιόν: Καταχωρίζει την Ευρωπαϊκή Πρωτοβουλία Πολιτών για την επαναχρησιμοποίηση και τον μετασχηματισμό των κτιρίων
""",1,1,2,"Energy magazine, some EU coverage"
208,Energyma,,,,,,,,,,,,,,,,,,,1,1,2,"Energy magazine, some EU coverage"
209,Energymag,,,,,,,,,,,,,,,,Newsroom Energymag,,Κομισιόν: Αναγωρίζει Πρωτοβουλία Πολιτών για μηχανισμό ποσοστώσεων άνθρακα των πολιτών,1,1,2,"Energy magazine, some EU coverage"
1,Ethnos,https://www.ethnos.gr/,10.100,10.400,10.900,National,,Έθνος,Website,,Open Digital Group,,,,,,,https://www.ethnos.gr/greece/article/230296/spatalhtrofimonsthntriththeshsthneehelladaokathenasmaspetaei191kilatrofimatonxrono,,1,1,2,"Open Digital Group, centrist"
12,Euro2day,https://www.euro2day.gr/,1.800,1.900,,National,Financial,Euro2day,Website,"Οικονομία, Χρηματιστήριο, Επενδύσεις, Επιχειρήσεις",,,,,,,"Αλεξάνδρα Γκίτση,Βασίλης Παζόπουλος,Newsroom Euro2day","https://www.euro2day.gr/news/economy/article/2158869/spatalh-trofimon-petame-1000-eyro-sta-skoypidia-et.html,https://www.euro2day.gr/investments/crypto/article/2173880/h-nea-epohh-ths-anagnoshs.html,https://www.euro2day.gr/investments/crypto/article/2144619/to-metaverse-os-epiheirhmatikh-eykairia.html,https://www.euro2day.gr/investments/crypto/article/2136539/giati-trehoyn-ta-kryptonomismata-toy-metaverse.html",,1,1,2,"Financial portal, limited EU"
229,FORMedia,,,,,,,,,,,,,,,,,,«Η δημοκρατία της ΕΕ σε δράση — Πείτε την άποψή σας με την Ευρωπαϊκή Πρωτοβουλία Πολιτών» — εργαλειοθήκη για σχολεία,1,1,2,"EU democracy education, some EU"
20,Greece Is,https://www.greece-is.com/,0.162,,,,Travel,Greece Is,,,Καθημερινές Εκδόσεις,,,https://www.instagram.com/greece_is,,,,,,1,1,2,"Travel magazine, limited EU"
217,INFO-WAR,,,,,,,,,,,,,,,,Γιώργος Βασσάλος,,Συλλογή υπογραφών για την πλήρη αναστολή της συμφωνίας σύνδεσης ΕΕ-Ισραήλ,1,1,2,"Alternative news, some EU coverage"
8,Imerisia,https://www.imerisia.gr/,1.300,1.200,,,Financial,Ημερησία,Website,,Open Digital Group,,,,,,,https://www.imerisia.gr/oikonomia/57262_ydrogono-kaysimo-toy-mellontos-i-stratigiki-tis-elladas-kai-o-rolos-tis-stin-eyropi,,1,1,2,"Open Digital Group, financial, centrist"
150,Insider,https://www.insider.gr/,1.700,1.300,,National,,,,,,,,,,,"Πένη Χαλάτση,Κώστας Δεληγιάννης,Newsroom Insider",https://www.insider.gr/sustainability/260178/poso-efikto-einai-ydrogono-na-katastei-basikos-mohlos-tis-prasinis-anaptyxis,"Η Κομισιόν καταχώρισε μια νέα Ευρωπαϊκή Πρωτοβουλία Πολιτών για την προστασία του περιβάλλοντος,Η Κομισιόν καταχώρησε την Ευρωπαϊκή Πρωτοβουλία για προσβάσιμες και βιώσιμες μεταφορές",1,1,2,"Business portal, some EU coverage"
19,K Magazine,https://www.kathimerini.gr/k/k-magazine/,,,,,,Περιοδικό Κ,,,,,,https://www.instagram.com/kapamagazine/,,,,,,1,1,2,"Kathimerini supplement, centrist-liberal, some EU"
226,LawNet,,,,,,,,,,,,,,,,,,"Η Επιτροπή καταχωρίζει την Ευρωπαϊκή Πρωτοβουλία Πολιτών για τα δικαιώματα των επιβατών αεροπορικών μεταφορών,ΕΕ – Η Επιτροπή καταχωρίζει την Ευρωπαϊκή Πρωτοβουλία Πολιτών σχετικά με τον σχεδιασμό διαβατηρίων,ΕΕ – Η Επιτροπή καταχωρίζει την Ευρωπαϊκή Πρωτοβουλία Πολιτών σχετικά με τον σχεδιασμό διαβατηρίων",1,1,2,"Legal network, EU law coverage"
193,Lawspot.gr,,,,,,,,,,,,,,,,,,"Η ευρωπαϊκή πρωτοβουλία πολιτών ως στοιχείο του δημοκρατικού χαρακτήρα της Ευρωπαϊκής Ένωσης,""Οριστικό «όχι» στην Ευρωπαϊκή πρωτοβουλία πολιτών για τη διαγραφή δημόσιου χρέους από το Δικαστήριο της ΕΕ
"",Χωρεί προσφυγή κατά απόφαση της Επιτροπής περί καταχώρισης πρότασης ευρωπαϊκής πρωτοβουλίας πολιτών; (Απόφαση Γεν. Δικαστηρίου ΕΕ)",1,1,2,"Legal news, EU law coverage"
80,MEGA TV,https://www.megatv.com/,6.600,4.600,5.200,National,,,,,,,,,,,,,,1,1,2,"TV channel, centrist"
89,Marie Claire,https://www.marieclaire.gr/,3.100,3.400,,National,Fashion,,,,,,,,,,,,Ευρωκοινοβούλιο: Ενέκρινε σχέδιο για τη βελτίωση της προσβασιμότητας στις αμβλώσεις,1,1,2,"Fashion/lifestyle, some EU stories"
146,Messinia Live,https://www.messinialive.gr/,0.167,,,Regional,,,,,,,,,,,,https://www.messinialive.gr/perifereia-peloponnisou-ekprosopos-tis-elladas-stin-protovoulia-clean-hydrogen-tis-evropaikis-enosis/,,1,1,2,"Regional Messinia, some EU coverage"
220,Metaforespress,,,,,,,,,,,,,,,,Newsroom Metaforespress,,"Κομισιόν: Καταχώρισε την Ευρωπαϊκή Πρωτοβουλία Πολιτών για προσβάσιμες και βιώσιμες μεταφορές,Η Κομισιόν καταχώρησε πρωτοβουλία πολιτών για τα δικαιώματα των επιβατών στις αερομεταφορές",1,1,2,"News, some EU transport/coverage"
224,Mononews.gr,,,,,,,,,,,,,,,,,,ΕΕ: Οικονομολόγοι και ακτιβιστές ζητούν ευρωπαϊκό φόρο στην περιουσία των πιο πλούσιων,1,1,2,"News, some EU coverage"
216,NOMIKI BIBLIOTHIKI Daily,,,,,,,,,,,,,,,,,,"""My Voice, My Choice»: Το Ευρωπαϊκό Κοινοβούλιο τονίζει ότι η άμβλωση είναι δικαίωμα, όχι έγκλημα
""",1,1,2,"Legal portal, some EU"
10,NewMoney,https://www.newmoney.gr/,3.700,4.400,,National,Financial,NewMoney,Website,,Πρώτο Θέμα,,,,,,Συμέλα Τουχτίδου,"https://www.newmoney.gr/roh/palmos-oikonomias/energeia/prasino-idrogono-pos-bori-i-ellada-na-gini-protagonistria-stis-exelixis/,https://www.newmoney.gr/roh/palmos-oikonomias/energeia/o-thavmastos-kenourgios-kosmos-tou-idrogonou-erchete-pio-konta/,https://www.newmoney.gr/roh/palmos-oikonomias/energeia/energiaki-krisi-erchete-i-epanastasi-tou-idrogonou-pinakes/,https://www.newmoney.gr/roh/palmos-oikonomias/energeia/idrogono-kathoristikis-simasias-to-2023-ti-anaferi-o-ceo-tis-hydrogen-europe/,https://www.newmoney.gr/roh/diethni/apistefti-spatali-trofimon-kathe-nikokirio-petai-127-kila-fagitou-etisios/,https://www.newmoney.gr/roh/palmos-oikonomias/epixeiriseis/to-ergostasio-fantasma-tis-aeval-ke-ta-schedia-gia-parko-idrogonou-pics-vid/",,1,1,2,"Financial, Proto Thema group, limited EU"
6,News247,https://www.news247.gr/,14.800,15.800,14.200,National,,News247,Website,,,https://www.facebook.com/news247,https://twitter.com/News247gr,https://www.instagram.com/news247gr/,,https://www.youtube.com/user/News247gr,"Γιάννης Δεβετζόγλου,Νίκη Μπάκουλη,Χρήστος Μπαρούνης,Ισμήνη Μπαλαλέ","https://www.youtube.com/watch?v=d8bZr195fdY,https://www.news247.gr/ygeia/nosokomeio-alexandra-ekleise-to-tmima-vraxitherapeias-gia-ginaikes-me-karkino/,https://www.news247.gr/ygeia/pos-tha-kanoume-self-test-gia-ton-karkino-tou-paxeos-enterou-analitika-i-diadikasia/,https://www.news247.gr/ygeia/xekinise-i-drasi-gia-dorean-exetaseis-gia-karkino-tou-traxilou-tis-mitras/,https://www.news247.gr/ygeia/entero-to-proeidopoiitiko-simadi-pou-den-prepei-na-agnoeis/,https://www.news247.gr/magazine/tropos-zwhs/enas-xeirourgos-exigei-pos-boreis-na-sotheis-apo-ton-pio-epikindino-karkino/,https://www.news247.gr/ygeia/ti-kanei-i-e-e-gia-ta-ekatommiria-karkinopathon/,https://www.news247.gr/ygeia/karkinos-traxilou-tis-mitras-me-sovara-kena-i-kia-gia-tis-dorean-proliptikes-exetaseis/,https://www.news247.gr/ygeia/i-apli-exetasi-pou-borei-na-ginei-i-enallaktiki-lisi-tis-kolonoskopisis/,https://www.news247.gr/psixagogia/celebrities/antinoos-almpanis-enan-xrono-pio-makria-apo-ton-efialti-to-minima-gia-ton-karkino/,https://www.news247.gr/ygeia/tetraplasios-kindinos-karkinou-se-osous-sindiazoun-simvatiko-me-ilektroniko-tsigaro/,https://www.news247.gr/ygeia/pote-xekinoun-oi-dorean-exetaseis-gia-ton-karkino-tis-mitras-ti-tha-ginei-stis-apomakrismenes-perioxes/","""“My Voice, My Choice” στο NEWS24/7: Το δικαίωμα στην άμβλωση εξαρτάται από τη χώρα και το εισόδημα""",1,1,2,"Centrist, limited EU coverage"
47,Newsbeast,https://www.newsbeast.gr/,9.500,9.900,8.900,National,,Newsbeast,Website,,,,,,,,,,,1,1,2,"Centre-right, limited EU"
36,Newsbomb,https://www.newsbomb.gr/,23.800,25.900,20.900,National,,Newsbomb,Website,,,,,,,,"Σωτήρης Σκουλούδης,Διονυσία Προκόπη","https://www.newsbomb.gr/synenteyxeis/story/1390098/ksekinaei-i-epoxi-tou-ydrogonou-gnoriste-to-neo-kaysimo-pou-yposxetai-ena-katharo-mellon,https://www.newsbomb.gr/ygeia/story/1555337/ypegrafi-i-kya-gia-tis-dorean-proliptikes-eksetaseis-gia-ton-karkino-tou-paxeos-enterou,https://www.newsbomb.gr/ygeia/farmako/story/1555299/anosotherapeia-veltionei-simantika-tin-epiviosi-apo-ton-pio-epithetiko-karkino-tou-mastoy,https://www.newsbomb.gr/ygeia/farmako/story/934283/ellok-oi-eyropaioi-astheneis-zitoyn-symmetoxi-stin-axiologisi-tis-iatrikis-texnologias,https://www.newsbomb.gr/ygeia/story/1562883/nosokomeio-metaksa-oi-dyo-protoi-astheneis-pou-elavan-therapeia-sto-spiti-miloyn-gia-to-oikothen,https://www.newsbomb.gr/ygeia/story/1498615/nosokomeiaki-frontida-sto-spiti-apo-10-nosokomeia-gia-pano-apo-1-200-astheneis,https://www.newsbomb.gr/ygeia/story/1512630/ena-domatio-gia-ton-astheni-programma-stegasis-gia-tous-plimmyropatheis-tis-thessalias,https://www.newsbomb.gr/ygeia/story/1259154/syllogos-kefi-gia-toys-frontistes-asthenon-me-karkino-einai-afaneis-iroes-xreiazontai-stirixi,https://www.newsbomb.gr/ygeia/farmako/story/1536451/eope-i-xrisi-ton-ogkologikon-farmakon-ginetai-me-orthologiko-tropo,https://www.newsbomb.gr/ygeia/story/1449180/poios-xrimatodotei-tin-erevna-gia-ton-karkino-diethnis-protovoulia-gia-ta-symferonta-ton-asthenon,https://www.newsbomb.gr/ygeia/farmako/story/1432317/eopyy-symfonies-gia-tin-apozimiosi-kainotomon-radiofarmakon,https://www.newsbomb.gr/ygeia/farmako/story/1371099/karkinos-tou-prostati-bainei-se-troxia-iasis-i-nosos,https://www.newsbomb.gr/ygeia/story/1367748/movember-ena-moustaki-sozei-zoes",,1,1,2,"Centrist tabloid, limited EU"
218,Nextdeal,,,,,,,,,,,,,,,,,,«Σώστε τις μέλισσες και τους αγρότες!»: Ένα εκατομμύριο υπογραφές στην Ευρωπαϊκή Πρωτοβουλία Πολιτών στέλνουν ηχηρό μήνυμα στους συννομοθέτες της ΕΕ!,1,1,2,"Insurance news, some EU coverage"
16,Open TV,https://www.tvopen.gr/,1.900,2.300,,National,,Open,TV Channel,,Open Digital Group,,,,,,,,,1,1,2,"Open Digital Group, centrist"
197,Parallaxi Mag,,,,,,,,,,,,,,,,,,"""Η Αγία Οικογένεια, μια πρωτοβουλία πολιτών και 1 εκ. υπογραφές .""",1,1,2,ECI coverage present - centrist
15,Proto Thema,https://www.protothema.gr/,51.000,49.600,46.200,National,,Πρώτο Θέμα,"Newspaper,Website",,Πρώτο Θέμα,,,,,,,"https://www.protothema.gr/greece/article/1324610/hatzimarkakis-to-2023-hronia-exelixeon-kai-protovoulion-gia-to-udrogono/,https://www.protothema.gr/greece/article/1343241/to-metaverse-to-hollywood-kai-o-pio-epituhimenos-ellinas-startupper/,https://www.protothema.gr/life-style/article/1334402/iason-theofanidis-anastasia-kollaki-i-tehni-tou-metaverse/,https://www.protothema.gr/greece/article/1343232/oi-prigipisses-tou-metaverse/,https://www.protothema.gr/technology/article/1317481/to-metaverse-auti-tin-evdomada-stin-athina-dorean-eisitiria-apo-to-proto-thema/,https://www.protothema.gr/greece/article/1463404/tria-dorean-self-test-gia-duo-tupous-karkinou-pote-tha-einai-diathesima-sti-hora-mas/",,1,1,2,"Right-wing tabloid,接近执政, low EU"
82,Skai TV,https://www.skaitv.gr/,3.100,5.400,,National,,,,,,,,,,,,,,1,1,2,"TV channel, centrist"
29,Ta Nea,https://www.tanea.gr/,3.100,3.200,,National,,Τα Νέα,,,Alter Ego,,,,,,Γιώργος Μαζιάς,,Η Κομισιόν ανοίγει τον δρόμο για αυστηρότερους κανόνες στα κόμματα,1,1,2,"Alter Ego media group - centrist, limited EU"
32,Tax Heaven,https://www.taxheaven.gr/,3.800,2.700,,National,Financial,,,,,,,,,,,,"Φορολόγηση μεγάλων περιουσιών στην ΕΕ: Η Επιτροπή αποφασίζει να καταχωρίσει μία Ευρωπαϊκή Πρωτοβουλία Πολιτών,Ευρωπαϊκή Πρωτοβουλία Πολιτών: 9 εκατομμύρια πολίτες συμμετέχουν στη νομοθετική διαδικασία της ΕΕ,Φορολόγηση μεγάλων περιουσιών στην ΕΕ: Η Επιτροπή αποφασίζει να καταχωρίσει μία Ευρωπαϊκή Πρωτοβουλία Πολιτών",1,1,2,"Financial, some EU tax coverage"
206,agro24.gr,,,,,,,,,,,,,,,,,,"""Ευρωπαϊκή Πρωτοβουλία Πολιτών για την προάσπιση της γεωργίας και της αγροτικής οικονομίας
""",1,1,2,"Agricultural news, some EU"
31,iefimerida,https://www.iefimerida.gr/,32.400,33.500,26.700,National,,iefimerida,Website,,,,,,,,Newsroom iefimerida,,"Κομισιόν: Εξετάζει την πρωτοβουλία πολιτών που ζητούν χρηματοδοτική στήριξη σε ασφαλείς και προσβάσιμες αμβλώσεις,ΕΕ: Οικονομολόγοι και ακτιβιστές ζητούν ευρωπαϊκό φόρο στην περιουσία των πιο πλούσιων -Τι προτείνουν",1,1,2,"Right-leaning portal, some EU stories"
154,self service,https://selfservice.gr/,0.000,,,National,,σελφ σέρβις,Publication,,BOUSSIAS,,,,,,,"https://selfservice.gr/food-waste-app-i-proti-efarmogi-pou-katagrafei-tin-spatali-trofimon-stin-ellada/,https://selfservice.gr/poies-einai-oi-prokliseis-stis-opoies-apanta-i-viosimi-anaptyxi-kai-o-periorismos-spatalis-trofimon-ston-epicheirimatiko-kosmo/",,1,1,2,"Food service, some EU food policy"
148,Οικονομικός Ταχυδρόμος,https://www.ot.gr/,2.400,2.700,,National,,,,,Alter Ego,,,,,,Ναταλία Δανδόλου,"https://www.ot.gr/2023/01/19/green/ydrogono/ydrogono-h-polyferni-nyfi-tis-energeias-gia-to-2030/,https://www.ot.gr/2023/01/18/green/ydrogono/ydrogono-40-ekat-eyro-apo-tin-eyropaiki-trapeza-ependyseon/,https://www.ot.gr/2023/01/17/green/esek-treis-megales-anatropes-stous-energeiakous-stoxous-gia-to-2030/,https://www.ot.gr/2023/01/16/green/ydrogono/ydrogono-to-megalo-stoixima-tis-eyropis/,https://www.ot.gr/2023/01/06/green/ydrogono/ydrogono-pos-kai-pote-tha-paragetai-stin-ellada-prin-tis-ekloges-o-ethnikos-odikos-xartis-pinakas/,https://www.ot.gr/2023/01/14/green/ydrogono/ydrogono-poies-xores-kerdizoun-kai-poies-xanoun-ton-polemo-tis-texnologias-paragogis/,https://www.ot.gr/2023/01/09/green/kathari-energeia/ydrogono-neo-deal-allazei-ta-dedomena-stin-eyropi/,https://www.ot.gr/2023/02/04/green/klimatiki-allagi-sta-skaria-projects-gia-tin-apothikeysi-ekpompon-co2/","""Κομισιόν: Καταχώρισε Ευρωπαϊκή Πρωτοβουλία Πολιτών ενάντια στο κάπνισμα – Τι ζητά
"",ΕΕ: Καταχώριση Ευρωπαϊκής Πρωτοβουλίας Πολιτών για την προάσπιση της γεωργίας,Κομισιόν: Δίνει βήμα στη φωνή των vegan",1,1,2,"Alter Ego media group - centrist, limited EU"
30,,https://www.typosthes.gr/,1.900,1.600,,,,,,,,,,,,,,,,1,0,1,"Regional, limited info"
102,,https://www.iatropedia.gr/,1.300,,,,,,,,,,,,,,,,,1,0,1,"Health portal, no EU"
98,,https://www.in2life.gr/,0.725,,,,,,,,,,,,,,,,,1,0,1,"Lifestyle portal, no EU"
77,,https://www.vita.gr/,0.697,,,,,,,,,,,,,,,,,1,0,1,"Health/lifestyle, no EU"
74,,https://www.arcadiaportal.gr/,0.581,,,Regional,,,,,,,,,,,,,,1,0,1,"Regional portal, no EU"
121,,https://www.sofokleousin.gr/,0.483,,,National,Financial,,,,,,,,,,,,,1,0,1,"Financial blog, limited EU"
59,,https://www.patrisnews.com/,0.419,,,Regional,,,,,,,,,,,,,,1,0,1,"Regional news, no EU"
167,,https://www.madamefigaro.gr/,0.395,,,,,,,,,,,,,,,,,1,0,1,"Fashion/lifestyle, no EU"
69,,https://eleftheriaonline.gr/,0.361,,,,,,,,,,,,,,,,,1,0,1,"Regional news, no EU"
49,,https://cyclades24.gr/,0.280,,,Regional,Travel,,,,,,,,,,,,,1,0,1,"Regional travel, no EU"
65,,https://lakonikos.gr/,0.219,,,,,,,,,,,,,,,,,1,0,1,"Regional Laconia, no EU"
70,,https://xronos.gr/,0.216,,,,,,,,,,,,,,,,,1,0,1,"Regional, limited EU"
85,,https://www.eleftheria.gr/,0.192,,,,,,,,,,,,,,,,,1,0,1,"Regional news, no EU"
168,,https://www.themamagers.gr/,0.169,,,,,,,,,,,,,,,,,1,0,1,"Parenting blog, no EU"
103,,https://perpetual.gr/,0.142,,,,,,,,,,,,,,,,,1,0,1,"General content, no EU"
109,,https://www.cretapost.gr/,0.127,,,,,,,,,,,,,,,,,1,0,1,"Regional Crete, no EU"
57,,https://tvstar.gr/,0.101,,,,,,,,,,,,,,,,,1,0,1,"Regional TV, no EU"
53,,https://www.xtypos.gr/,0.033,,,,,,,,,,,,,,,,,1,0,1,"News site, no EU"
79,,https://www.onetv.gr/,0.021,,,,,,,,,,,,,,,,,1,0,1,"TV channel, no EU"
73,,https://www.argolidaportal.gr/,0.015,,,,,,,,,,,,,,,,,1,0,1,"Regional Argolis, no EU"
122,,https://www.stereanews.gr/,0.015,,,,,,,,,,,,,,,,,1,0,1,"Regional news, no EU"
131,,https://www.businessenergy.gr/,0.011,,,,,,,,,,,,,,,,,1,0,1,"Energy business, no EU"
84,,https://www.skaipatras.gr/,0.010,,,,,,,,,,,,,,,,,1,0,1,"Regional radio, no EU"
108,,https://www.cretanmagazine.gr/,0.010,,,,,,,,,,,,,,,,,1,0,1,"Regional Crete magazine, no EU"
56,,https://www.evrytanikospalmos.gr/,0.009,,,,,,,,,,,,,,,,,1,0,1,"Regional, no EU"
113,,https://www.ygeiamasnews.gr/,0.003,,,,,,,,,,,,,,,,,1,0,1,"Health news, no EU"
81,,https://xronos-kozanis.gr/,0.000,,,,,,,,,,,,,,,,,1,0,1,"Regional, no EU"
86,,https://www.thessalikesepiloges.gr/,0.000,,,,,,,,,,,,,,,,,1,0,1,"Regional, no EU"
105,,https://ifn.gr/,0.000,,,,,,,,,,,,,,,,,1,0,1,"Financial news, no EU"
110,,https://cretapress.gr/,0.000,,,,,,,,,,,,,,,,,1,0,1,"Regional Crete, no EU"
111,,https://www.pancreta.gr/,0.000,,,,,,,,,,,,,,,,,1,0,1,"Regional Crete, no EU"
123,,https://agrosymbol.gr/,0.000,,,,Agricultural,,,,,,,,,,,,,1,0,1,"Agricultural, no EU"
128,,https://www.pirgiotis.gr/,0.000,,,,,,,,,,,,,,,,,1,0,1,"Regional, no EU"
129,,https://www.agrovoice.gr/,0.000,,,,Agricultural,,,,,,,,,,,,,1,0,1,"Agricultural, no EU"
139,,https://csrnews.gr/,0.000,,,,,,,,,,,,,,,,,1,0,1,"CSR news, no EU"
27,Alfa Vita,https://www.alfavita.gr/,4.300,4.500,5.100,National,Education,Alfavita,,,,https://www.facebook.com/alfavita.gr/,https://twitter.com/alfavita,https://www.instagram.com/alfavitagr/,https://www.linkedin.com/company/alfavita-gr/,,,,,1,0,1,"Education, limited EU"
41,Athens Magazine,https://www.athensmagazine.gr/,17.000,18.600,13.900,National,,athensmagazine.gr,,,,,,,,,,,,1,0,1,Generic news - limited EU scoring
152,Cantina,https://cantina.protothema.gr/,2.400,2.100,,National,Food,,,,Πρώτο Θέμα,,,,,,,"https://www.olivemagazine.gr/chrisima/symvoules/pos-na-diatirisete-ta-trofima-pou-agorazete-gia-megalytero-chroniko-diastima/,https://www.olivemagazine.gr/chrisima/symvoules/pos-tha-meiosoume-tin-spatali-trofimon-to-kalokairi/,,https://www.olivemagazine.gr/chrisima/symvoules/chrisimes-symvoules-gia-na-perioriset/",,1,0,1,"Food magazine, Proto Thema group, no EU"
181,Edweek,https://www.edweek.gr/,,,0.100,,Education,,,,,,,,,,,,,1,0,1,"Education news, no EU"
48,Enikos,https://www.enikos.gr/,8.200,8.700,8.000,National,,Ενικός,Website,,,,,,,,,,,1,0,1,"General news, limited EU"
174,Healthweb,https://www.healthweb.gr/,,,,,,,,,,,,,,,,https://www.healthweb.gr/perissotera/texnologia/metaverse-pos-mporei-na-veltiosei-ti-dimosia-ygeia,,1,0,1,"Health portal, no EU"
221,Jenny.gr,,,,,,,,,,,,,,,,,,"""«My Voice, My Choice»: Υπέρ της πρωτοβουλίας για προσβάσιμες αμβλώσεις το Ευρωπαϊκό Κοινοβούλιο""",1,0,1,"Lifestyle, no EU"
200,Justina,,,,,,,,,,,,,,,,,,"""Ευρωπαϊκή Πρωτοβουλία Πολιτών: Μάθε τι τρως
""",1,0,1,"Lifestyle, no EU"
97,LadyLike,https://www.ladylike.gr/,1.900,1.900,,National,,,,,,,,,,,,,,1,0,1,"Lifestyle, limited EU"
156,Madame Ginger,https://www.madameginger.com/,0.372,,,National,Food,,,,,,,,,,,https://www.madameginger.com/voices/spiti/organosi_kouzinas/5-tropoi-na-meioseis-ti-spatali-trofimon-xekinontas-apo-to-soupermarket/,,1,0,1,"Food/lifestyle, no EU"
28,Makelio,https://www.makeleio.gr/,9.200,8.900,7.700,National,,Μακελειό,Website,,,,,,,,,,,1,0,1,Generic news - limited EU scoring
227,MeatNews.gr,,,,,,,,,,,,,,,,,,Πρωτοβουλία Πολιτών φιλοδοξεί να βάλει «Τέρμα στην εποχή των κλουβιών»,1,0,1,"Meat news, no EU"
158,Mihani Tou Hronou,https://www.mixanitouxronou.gr/,1.400,1.400,,,,,,,,,,,,,,,,1,0,1,Generic news - limited EU scoring
116,Mother's Blog,https://www.mothersblog.gr/,1.500,1.300,,,,,,,,,,,,,,,,1,0,1,Generic news - limited EU scoring
33,Newsit,https://www.newsit.gr/,15.800,15.000,13.700,National,,Newsit,Website,,,,,,,,,,,1,0,1,"News portal, limited EU"
101,OnAlert,https://www.onalert.gr/,1.400,1.600,,,,,,,,,,,,,,,,1,0,1,"News-alert style, limited EU"
96,OneMan,https://www.oneman.gr/,2.000,2.200,,National,,,,,,,,,,,,,,1,0,1,"Men's lifestyle, no EU"
184,Onmed,https://www.onmed.gr/,,,,,,,Website,,DPG Digital Media Group,,,,,,Αικατερίνη Σινάνη,"https://www.onmed.gr/ygeia/story/403622/karkinos-traxilou-tis-mitras-ta-proima-symptomata-pou-syxna-paravlepontai,https://www.onmed.gr/ygeia/story/405697/karkinos-tis-mitras-6-symptomata-pou-prepei-na-min-agnoisete,https://www.onmed.gr/ygeia/story/403205/karkinos-traxilou-tis-mitras-i-methodos-pou-meionei-kata-30-tis-pithanotites-epanemfanisis-thanatou",,1,0,1,"Health portal, limited EU"
118,Onmed.gr,https://www.onmed.gr/,3.400,3.300,,National,,,,,,,,,,,,,,1,0,1,"Health portal, limited EU"
63,Peloponisos,https://pelop.gr/,2.000,2.000,,Regional,,,,,,,,,,,,,,1,0,1,"Regional Peloponnese, no EU"
71,PeloponnisosNews,https://www.peloponnisosnews.gr/,0.000,,,,,,,,,,,,,,,,,1,0,1,"Regional news, no EU"
115,Queen,https://www.queen.gr/,4.800,5.300,4.100,National,,,,,,,,,,,,,,1,0,1,"Lifestyle, limited EU"
176,TheNotebook.gr,https://www.thenotebook.gr/,0.174,0.130,,,,,,,,,,,,,,https://www.thenotebook.gr/life-now/trending-now/agorazes-gi-sto-metaverse/,,1,0,1,"Tech/lifestyle, no EU"
215,VWOMAN,,,,,,,,,,,,,,,,,,"""«My Voice, My Choice»: Μια νίκη στο Ευρωπαϊκό Κοινοβούλιο για κάθε γυναίκα στην Ευρώπη""",1,0,1,"Women's portal, no EU"
17,Vogue Greece,https://vogue.gr/,0.318,0.288,,,Fashion,Vogue Greece,,,Καθημερινές Εκδόσεις,,,https://www.instagram.com/voguegreece/,,,,,,1,0,1,"Fashion, limited EU"
18,Yastronomos,https://www.gastronomos.gr/,2.300,2.300,,National,Food,Γαστρονόμος,,,,,,https://www.instagram.com/gastronomos_/,,,,,,1,0,1,Generic news - limited EU scoring
202,YgeiaWatch,,,,,,,,,,,,,,,,,,"""Ευρωπαϊκή Πρωτοβουλία Πολιτών για τους μετανάστες
""",1,0,1,"Health watch, no EU"
25,Zougla,https://www.zougla.gr/,13.100,12.400,10.200,National,,Ζούγκλα,Website,,,,,,,,,,,1,0,1,"Sensationalist, limited EU coverage"
183,e-paideia,https://e-paideia.org/,,,,,,,,,,,,,,,,,,1,0,1,Generic news - limited EU scoring
182,esos.gr,https://www.esos.gr/,1.600,1.600,1.700,National,Education,,,,,,,,,,,,,1,0,1,"Education portal, limited EU"
186,ygeiamou,,,,,,,,,,,,,,,,,"https://www.ygeiamou.gr/fitness-wellbeing/evexia/412992/o-tipos-karkinou-pou-anichnevete-pio-diskola-i-4-endixis-pou-ton-martiroun-egkeros/,https://www.ygeiamou.gr/%ce%b5%cf%80%ce%b9%cf%83%cf%84%ce%b7%ce%bc%ce%bf%ce%bd%ce%b9%ce%ba%ce%ad%cf%82-%ce%b5%ce%be%ce%b5%ce%bb%ce%af%ce%be%ce%b5%ce%b9%cf%82/323290/karkinos-oothikon-to-pasignosto-pafsipono-pou-mioni-ton-kindino-pies-ginekes-ofelounte-perissotero/",,1,0,1,"Health portal, no EU"
144,ΕΡΤ Τρίπολης,,,,,Local,,,,,,,,,,,Σταύρος Ζορμπαλάς,,,1,0,1,Generic news - limited EU scoring
187,Οι Ευρωπαίοι ασθενείς ζητούν συμμετοχή στην αξιολόγηση της ιατρικής τεχνολογίας,,,,,,,,,,,,,,,,,,,1,0,1,Generic news - limited EU scoring
46,,https://www.tlife.gr/,9.400,,,,Tabloid,,,,,,,,,,,,,0,0,0,"Tabloid, no EU"
117,,https://www.ratpack.gr/,1.500,1.500,,,,,,,,,,,,,,,,0,0,0,"Entertainment, no EU"
165,,https://www.yupiii.gr/,0.957,,,,,,,,,,,,,,,,,0,0,0,"Lifestyle/entertainment, no EU"
106,,https://alpha989.gr/,0.930,,,National,,,,,,,,,,,,,,0,0,0,Unknown outlet - no info for scoring
171,,https://www.athensdeejay.gr/,0.700,,,,,,,,,,,,,,,,,0,0,0,"Radio/entertainment, no EU"
26,,https://www.pagenews.gr/,0.490,,,,,,,,,,,,,,,,,0,0,0,"News portal, limited info"
170,,https://www.womantoc.gr/,0.372,,,,,,,,,,,,,,,,,0,0,0,Unknown outlet - no info for scoring
169,,https://elle.gr/,0.283,,,,,,,,,,,,,,,,,0,0,0,"Travel, no EU"
166,,https://www.topgeargreece.gr/,0.229,,,,,,,,,,,,,,,,,0,0,0,"Auto/entertainment, no EU"
90,,https://www.clickatlife.gr/,0.222,,,,,,,,,,,,,,,,,0,0,0,"Lifestyle portal, no EU"
91,,https://www.careernet.gr/,0.190,,,,,,,,,,,,,,,,,0,0,0,Unknown outlet - no info for scoring
78,,https://www.imommy.gr/,0.184,,,,,,,,,,,,,,,,,0,0,0,Unknown outlet - no info for scoring
120,,https://www.baby.gr/,0.124,,,,,,,,,,,,,,,,,0,0,0,Unknown outlet - no info for scoring
107,,https://capitano.gr/,0.094,,,,Sports,,,,,,,,,,,,,0,0,0,"Sports, no EU"
99,,https://www.stocklearning.gr/,0.055,,,,,,,,,,,,,,,,,0,0,0,"Education/stock, no EU"
125,,https://winetrails.gr/,0.034,,,,,,,,,,,,,,,,,0,0,0,"Wine travel, no EU"
164,,https://valueforlife.gr/,0.032,,,,,,,,,,,,,,,,,0,0,0,"Lifestyle, no EU"
138,,https://www.advertising.gr/,0.026,,,,,,,,,,,,,,,,,0,0,0,"Advertising industry, no EU"
67,,https://thermansipress.gr/,0.015,,,,,,,,,,,,,,,,,0,0,0,"Local heating press, no EU"
136,,https://www.worldenergynews.gr/,0.015,,,,,,,,,,,,,,,,,0,0,0,Unknown outlet - no info for scoring
58,,https://maxfm.gr/,0.011,,,,,,,,,,,,,,,,,0,0,0,"Radio, no EU"
61,,https://www.cosmoradio.gr/,0.010,,,,,,,,,,,,,,,,,0,0,0,"Radio, no EU"
50,,https://enachannel.gr/,0.008,,,,Energy,,,,,,,,,,,,,0,0,0,"Energy news, limited EU"
64,,https://ioniantv.gr/,0.007,,,,,,,,,,,,,,,,,0,0,0,"Regional TV, no EU"
87,,https://digitalstar.gr/,0.007,,,,,,,,,,,,,,,,,0,0,0,"Digital/tech, no EU"
104,,https://www.syneidisi.com/,0.006,,,,,,,,,,,,,,,,,0,0,0,"General content, no EU"
51,,https://venusfm.gr/,0.000,,,,,,,,,,,,,,,,,0,0,0,"Radio, no EU"
52,,https://www.rythmos988.gr/,0.000,,,,,,,,,,,,,,,,,0,0,0,"Radio/music, no EU"
54,,https://www.intown.com.gr/,0.000,,,,,,,,,,,,,,,,,0,0,0,"Lifestyle, no EU"
55,,https://grtraveller.gr/,0.000,,,,Travel,,,,,,,,,,,,,0,0,0,"Travel, no EU"
62,,https://www.bybus.gr/,0.000,,,,,,,,,,,,,,,,,0,0,0,"Transport, no EU"
72,,https://travelpeloponnisos.gr/,0.000,,,,,,,,,,,,,,,,,0,0,0,"Travel, no EU"
92,,https://www.mivida.gr/,0.000,,,,,,,,,,,,,,,,,0,0,0,"Lifestyle, no EU"
133,,https://kinitanea.gr/,0.000,,,,,,,,,,,,,,,,,0,0,0,Unknown outlet - no info for scoring
140,,https://esteticamagazine.gr/,0.000,,,,,,,,,,,,,,,,,0,0,0,"Beauty/lifestyle, no EU"
142,,https://fleetnews.gr/,0.000,,,,,,,,,,,,,,,,,0,0,0,"Fleet management, no EU"
43,,https://www.gossip-tv.gr/,,,,,Tabloid,,,,,,,,,,,,,0,0,0,"Gossip TV, no EU"
88,,https://starsports.gr/,,,,,Sports,,,,,,,,,,,,,0,0,0,"Sports, no EU"
95,,https://www.contra.gr/,,,,,Sports,,,,,,,,,,,,,0,0,0,"Sports, no EU"
100,,https://www.onsports.gr/,,,,,Sports,,,,,,,,,,,,,0,0,0,"Sports, no EU"
141,,https://allstarbasket.gr/,,,,,Sports,,,,,,,,,,,,,0,0,0,"Sports, no EU"
211,Antivirus Magazine,https://avmag.gr/,,,,,,,,,,,,,,,,,,0,0,0,"Tech magazine, no EU"
24,Enimerotiko,https://www.enimerotiko.gr/,5.700,6.000,4.500,National,,,,,,,,,,,,,,0,0,0,Entertainment
40,Gazzetta,https://www.gazzetta.gr/,22.200,,,,Sports,Γκαζέτα,,,,,,,,,,,,0,0,0,Sports only
94,Menshouse,https://menshouse.gr/,4.300,4.400,3.500,National,,,,,,,,,,,,,,0,0,0,"Men's lifestyle, no EU"
35,New Post,https://newpost.gr/,2.800,2.300,,National,,,,,,,,,,,,,,0,0,0,"Right-leaning, limited EU"
178,PCsteps.gr,https://www.pcsteps.gr/,0.180,0.222,,National,Technology,,Website,,,,,,,,,https://www.youtube.com/watch?v=bXK6wcKnSX4,,0,0,0,"Tech blog, no EU"
37,Pronews,https://www.pronews.gr/,14.200,14.300,13.000,National,,Pronews,Website,,,,,,,,,"https://www.pronews.gr/ygeia/oothikes-poia-pathisi-tetraplasiazei-ton-kindyno-karkinou/,https://www.pronews.gr/ygeia/karkinos-tou-pneymona-deite-poia-einai-ta-symptomata-kai-i-antimetopisi/,https://www.pronews.gr/ygeia/karkinos-tou-prostati-se-15-xronia-tha-diplasiastei-o-arithmos-ton-neon-diagnoseon/,https://www.pronews.gr/ygeia/karkinos-ayta-einai-ta-simadia-pou-mporoun-na-entopistoun-xronia-prin-apo-ta-symptomata/,https://www.pronews.gr/ygeia/karkinos-ayta-einai-ta-pente-siopila-symptomata-pou-einai-anisyxitika-2/,https://www.pronews.gr/ygeia/nea-meleti-ta-epomena-xronia-tha-ayksithoun-pagkosmios-ta-krousmata-karkinou-tou-prostati/,https://www.pronews.gr/ygeia/karkinos-paxeos-enterou-erxetai-self-test-sta-farmakeia-ton-iounio/",,0,0,0,"Conspiratorial adjacent, nationalist, anti-EU"
39,SDNA,https://www.sdna.gr/,21.300,,,,Sports,SDNA,,,,,,,,,,,,0,0,0,Sports only
42,Sport FM,https://www.sport-fm.gr/,14.900,,,,Sports,,,,,,,,,,,,,0,0,0,Sports radio
44,Sportdog,https://sportdog.gr/,10.800,,,,Sports,,,,,,,,,,,,,0,0,0,Sports only
222,TECHAHOLIC.GR,,,,,,,,,,,,,,,,,,"""Η Ε.Ε. εξετάζει το μέλλον των βιντεοπαιχνιδιών μετά τις 1,3 εκατ. υπογραφές του Stop Destroying Videogames""",0,0,0,"Tech site, no EU"
180,dEASY,https://www.deasy.gr/,,,,,,,,,,,,,,,,,,0,0,0,"Auto portal, no EU"
179,gocar.gr,https://www.gocar.gr/,,,,,,,,,,,,,,,,,,0,0,0,"Auto portal, no EU"
38,sport24.gr,https://www.sport24.gr/,23.700,,,,Sports,sport24.gr,,,,,,,,,,,,0,0,0,Sports only
45,zappit,https://www.zappit.gr/,10.000,,,,Tabloid,zappit,Website,,,,,,,,,,,0,0,0,"Tabloid, no EU"
